{
  "a": 0.40875912408759124, 
  "b": 0.038929440389294405, 
  "c": 0.0851581508515815, 
  "d": 0.05596107055961071, 
  "e": 0.2116788321167883, 
  "f": 0.024330900243309004, 
  "g": 0.23114355231143552, 
  "h": 0.1873479318734793, 
  "i": 0.3381995133819951, 
  "j": 0.031630170316301706, 
  "k": 0.043795620437956206, 
  "l": 0.06326034063260341, 
  "m": 0.04866180048661801, 
  "n": 0.45742092457420924, 
  "o": 0.2141119221411192, 
  "p": 0.0413625304136253, 
  "q": 0.0340632603406326, 
  "r": 0.038929440389294405, 
  "s": 0.0851581508515815, 
  "t": 0.04866180048661801, 
  "u": 0.3236009732360097, 
  "v": 0.009732360097323601, 
  "w": 0.021897810218978103, 
  "x": 0.0340632603406326, 
  "y": 0.0364963503649635, 
  "z": 0.09002433090024331
}