{
  "a": 0.4950440717494941, 
  "b": 0.12281784820111809, 
  "c": 0.27928113317556674, 
  "d": 0.28113317556675926, 
  "e": 0.6422128476866619, 
  "f": 0.10079912199471824, 
  "g": 0.19919744829714991, 
  "h": 0.1649003669787701, 
  "i": 0.5068422677230168, 
  "j": 0.013444455876804883, 
  "k": 0.06362108584559455, 
  "l": 0.340981582467332, 
  "m": 0.19302397365984156, 
  "n": 0.46376513358713173, 
  "o": 0.3877628013856021, 
  "p": 0.1927838940906129, 
  "q": 0.013307267551531365, 
  "r": 0.4760091916177933, 
  "s": 0.4693212607607093, 
  "t": 0.4346126144665089, 
  "u": 0.24680179716706108, 
  "v": 0.0961347189354186, 
  "w": 0.06790822101039201, 
  "x": 0.02476249271187022, 
  "y": 0.1280653016428302, 
  "z": 0.01618822238227527
}